Date,Close,High,Low,Open,Volume,ticker
2020-01-02,8872.2197265625,8873.6298828125,8786.900390625,8802.2197265625,2862700000.0,INDEX
2020-01-03,8793.900390625,8843.650390625,8755.169921875,8755.169921875,2586520000.0,INDEX
2020-01-06,8848.51953125,8849.98046875,8713.8896484375,8713.8896484375,2810450000.0,INDEX
2020-01-07,8846.4501953125,8872.4697265625,8821.6796875,8857.1396484375,2381740000.0,INDEX
2020-01-08,8912.3701171875,8953.5498046875,8834.9404296875,8845.4501953125,2472620000.0,INDEX
2020-01-09,8989.6298828125,9004.5498046875,8938.5302734375,8990.0400390625,2540960000.0,INDEX
2020-01-10,8966.6396484375,9024.8701171875,8951.830078125,9021.8798828125,2382900000.0,INDEX
2020-01-13,9070.650390625,9071.5302734375,8991.349609375,9007.9404296875,2536820000.0,INDEX
2020-01-14,9033.419921875,9080.16015625,9020.919921875,9068.01953125,2553160000.0,INDEX
2020-01-15,9035.669921875,9078.8701171875,9008.9501953125,9039.3095703125,2443220000.0,INDEX
2020-01-16,9125.0,9126.0703125,9066.3095703125,9088.080078125,2312110000.0,INDEX
2020-01-17,9173.73046875,9176.4697265625,9118.98046875,9159.48046875,2542540000.0,INDEX
2020-01-21,9166.6298828125,9187.419921875,9141.7802734375,9145.6396484375,2686610000.0,INDEX
2020-01-22,9188.580078125,9242.48046875,9179.26953125,9212.349609375,2454580000.0,INDEX
2020-01-23,9216.98046875,9221.1298828125,9145.23046875,9186.1396484375,2465850000.0,INDEX
2020-01-24,9141.4697265625,9272.3701171875,9101.4404296875,9266.349609375,2622970000.0,INDEX
2020-01-27,8952.1796875,9001.4404296875,8910.9697265625,8913.16015625,2593910000.0,INDEX
2020-01-28,9090.9296875,9111.3203125,8994.2802734375,9013.23046875,2169020000.0,INDEX
2020-01-29,9101.6103515625,9153.080078125,9067.2900390625,9141.51953125,2234620000.0,INDEX
2020-01-30,9136.08984375,9140.6904296875,9019.7197265625,9038.919921875,2345370000.0,INDEX
2020-01-31,8991.509765625,9170.2197265625,8961.58984375,9169.91015625,2696090000.0,INDEX
2020-02-03,9126.23046875,9148.5,9031.0703125,9033.51953125,2427320000.0,INDEX
2020-02-04,9334.0595703125,9352.9599609375,9224.8603515625,9256.9404296875,2447340000.0,INDEX
2020-02-05,9367.48046875,9442.75,9311.8798828125,9441.33984375,2470240000.0,INDEX
2020-02-06,9445.919921875,9448.7197265625,9357.8603515625,9395.6904296875,2313860000.0,INDEX
2020-02-07,9401.099609375,9453.240234375,9376.91015625,9397.76953125,2243720000.0,INDEX
2020-02-10,9516.83984375,9517.740234375,9373.2001953125,9373.2001953125,2187520000.0,INDEX
2020-02-11,9517.8603515625,9600.0498046875,9493.6298828125,9567.8095703125,2450070000.0,INDEX
2020-02-12,9613.2001953125,9615.91015625,9552.0302734375,9569.8203125,2366510000.0,INDEX
2020-02-13,9595.7001953125,9636.41015625,9532.740234375,9540.669921875,2254870000.0,INDEX
2020-02-14,9623.580078125,9634.75,9583.080078125,9613.8798828125,2226720000.0,INDEX
2020-02-18,9629.7998046875,9647.7197265625,9567.2802734375,9567.2802734375,2279420000.0,INDEX
2020-02-19,9718.73046875,9736.5703125,9676.0703125,9683.9404296875,2470860000.0,INDEX
2020-02-20,9627.830078125,9714.23046875,9513.23046875,9696.66015625,2745730000.0,INDEX
2020-02-21,9446.6904296875,9594.0,9406.3798828125,9582.5400390625,2750160000.0,INDEX
2020-02-24,9079.6298828125,9194.91015625,9028.8701171875,9055.2998046875,3188590000.0,INDEX
2020-02-25,8834.8701171875,9183.7802734375,8807.1103515625,9167.330078125,3595520000.0,INDEX
2020-02-26,8873.759765625,9032.8798828125,8813.919921875,8883.009765625,3587950000.0,INDEX
2020-02-27,8436.669921875,8786.6796875,8430.5302734375,8632.5400390625,4559900000.0,INDEX
2020-02-28,8461.830078125,8490.4697265625,8133.85009765625,8133.85009765625,5320020000.0,INDEX
2020-03-02,8877.98046875,8879.3896484375,8446.5,8569.91015625,4249020000.0,INDEX
2020-03-03,8594.490234375,9000.4599609375,8516.580078125,8892.6796875,4336700000.0,INDEX
2020-03-04,8949.2802734375,8952.1103515625,8669.759765625,8745.6396484375,3634760000.0,INDEX
2020-03-05,8671.66015625,8864.1904296875,8613.91015625,8713.1904296875,3763860000.0,INDEX
2020-03-06,8530.33984375,8571.8798828125,8319.900390625,8395.9501953125,4292730000.0,INDEX
2020-03-09,7948.02978515625,8241.76953125,7912.14013671875,7912.14013671875,4554110000.0,INDEX
2020-03-10,8372.26953125,8376.4404296875,7942.1298828125,8213.9697265625,4447260000.0,INDEX
2020-03-11,8006.1201171875,8224.73046875,7900.990234375,8166.259765625,4302610000.0,INDEX
2020-03-12,7263.64990234375,7808.31005859375,7255.6201171875,7452.759765625,5099350000.0,INDEX
2020-03-13,7995.259765625,7998.509765625,7301.8798828125,7683.0400390625,4701070000.0,INDEX
2020-03-16,7020.3798828125,7563.4501953125,6993.60986328125,7502.259765625,4618120000.0,INDEX
2020-03-17,7473.9501953125,7550.1298828125,6959.14990234375,7198.52978515625,4920210000.0,INDEX
2020-03-18,7175.18017578125,7336.8798828125,6837.52978515625,7023.85986328125,4935000000.0,INDEX
2020-03-19,7288.52001953125,7514.14013671875,7037.47021484375,7190.2099609375,4778490000.0,INDEX
2020-03-20,6994.2900390625,7487.830078125,6969.77001953125,7391.22021484375,5260300000.0,INDEX
2020-03-23,7006.919921875,7145.2900390625,6771.91015625,6952.7099609375,4348410000.0,INDEX
2020-03-24,7553.830078125,7555.91015625,7304.39013671875,7349.0,4441080000.0,INDEX
2020-03-25,7469.6201171875,7777.60986328125,7390.41015625,7543.9599609375,4683630000.0,INDEX
2020-03-26,7897.1298828125,7913.10986328125,7549.830078125,7549.830078125,4014670000.0,INDEX
2020-03-27,7588.3701171875,7817.740234375,7580.22021484375,7657.43994140625,3989120000.0,INDEX
2020-03-30,7889.009765625,7902.08984375,7651.43017578125,7678.830078125,3870770000.0,INDEX
2020-03-31,7813.5,8011.60009765625,7765.4599609375,7855.740234375,4078960000.0,INDEX
2020-04-01,7486.2900390625,7701.68017578125,7423.97021484375,7582.77978515625,3700040000.0,INDEX
2020-04-02,7635.66015625,7641.8701171875,7432.27978515625,7445.8798828125,3622170000.0,INDEX
2020-04-03,7528.10986328125,7673.490234375,7439.77978515625,7631.56982421875,3294260000.0,INDEX
2020-04-06,8081.66015625,8110.66015625,7763.08984375,7819.06005859375,3849130000.0,INDEX
2020-04-07,8049.31005859375,8305.58984375,8043.06982421875,8287.48046875,4085960000.0,INDEX
2020-04-08,8229.5400390625,8254.41015625,8058.41015625,8134.2998046875,3487440000.0,INDEX
2020-04-09,8238.5302734375,8334.23046875,8167.93017578125,8284.3095703125,4145460000.0,INDEX
2020-04-13,8332.740234375,8338.150390625,8158.580078125,8209.6796875,3184660000.0,INDEX
2020-04-14,8692.16015625,8708.5498046875,8470.740234375,8489.26953125,3767410000.0,INDEX
2020-04-15,8591.9599609375,8666.240234375,8500.5595703125,8548.4697265625,3347920000.0,INDEX
2020-04-16,8757.830078125,8793.349609375,8605.509765625,8689.08984375,4057800000.0,INDEX
2020-04-17,8832.41015625,8879.240234375,8704.3798828125,8876.66015625,4348310000.0,INDEX
2020-04-20,8726.509765625,8855.1796875,8725.330078125,8742.5400390625,3827370000.0,INDEX
2020-04-21,8403.0,8663.08984375,8359.83984375,8639.740234375,3788180000.0,INDEX
2020-04-22,8664.6396484375,8708.48046875,8550.6103515625,8575.5703125,3041520000.0,INDEX
2020-04-23,8641.5,8796.490234375,8624.6298828125,8693.73046875,3759890000.0,INDEX
2020-04-24,8786.599609375,8791.3603515625,8599.990234375,8666.5703125,3696020000.0,INDEX
2020-04-27,8837.66015625,8887.6201171875,8803.8896484375,8865.580078125,3694980000.0,INDEX
2020-04-28,8677.599609375,8918.3798828125,8668.669921875,8913.2802734375,3730350000.0,INDEX
2020-04-29,8982.759765625,9025.8203125,8832.0,8871.0400390625,4407140000.0,INDEX
2020-04-30,9000.509765625,9023.0302734375,8920.419921875,9005.240234375,4335660000.0,INDEX
2020-05-01,8718.1796875,8887.580078125,8688.580078125,8791.8798828125,3741300000.0,INDEX
2020-05-04,8834.1103515625,8840.330078125,8665.400390625,8683.9404296875,3443140000.0,INDEX
2020-05-05,8930.6201171875,9031.0,8900.5703125,8922.3896484375,3933550000.0,INDEX
2020-05-06,8984.8603515625,9065.580078125,8950.8896484375,8997.01953125,3656750000.0,INDEX
2020-05-07,9101.8798828125,9136.1796875,9045.23046875,9104.669921875,3787220000.0,INDEX
2020-05-08,9220.349609375,9224.490234375,9126.9697265625,9165.7001953125,3813630000.0,INDEX
2020-05-11,9298.919921875,9346.26953125,9155.2099609375,9155.2099609375,3925450000.0,INDEX
2020-05-12,9112.4501953125,9354.4501953125,9109.08984375,9326.0595703125,4336510000.0,INDEX
2020-05-13,9000.080078125,9209.490234375,8890.16015625,9123.6904296875,4273210000.0,INDEX
2020-05-14,9094.419921875,9097.75,8860.76953125,8946.4501953125,3965970000.0,INDEX
2020-05-15,9152.6396484375,9157.4599609375,8958.080078125,8976.2900390625,4240690000.0,INDEX
2020-05-18,9331.9296875,9367.5400390625,9248.7802734375,9281.3603515625,4341820000.0,INDEX
2020-05-19,9298.5400390625,9422.900390625,9296.25,9326.2802734375,4193550000.0,INDEX
2020-05-20,9485.01953125,9498.2802734375,9412.830078125,9415.25,4315500000.0,INDEX
2020-05-21,9377.990234375,9515.0498046875,9361.830078125,9487.6298828125,3745270000.0,INDEX
2020-05-22,9413.990234375,9421.9296875,9325.0703125,9363.669921875,3668070000.0,INDEX
2020-05-26,9389.98046875,9570.5302734375,9379.900390625,9570.5302734375,4448950000.0,INDEX
2020-05-27,9442.0498046875,9445.0595703125,9182.4501953125,9366.6298828125,4489110000.0,INDEX
2020-05-28,9416.7099609375,9568.8896484375,9391.83984375,9404.830078125,4113660000.0,INDEX
2020-05-29,9555.5302734375,9573.5498046875,9379.9296875,9440.6396484375,4742290000.0,INDEX
2020-06-01,9598.8896484375,9609.3798828125,9515.33984375,9526.4296875,3847770000.0,INDEX
2020-06-02,9657.3095703125,9660.080078125,9511.8798828125,9603.1796875,3990080000.0,INDEX
2020-06-03,9704.6904296875,9729.6904296875,9648.9296875,9689.7197265625,4679030000.0,INDEX
2020-06-04,9629.66015625,9741.9697265625,9577.7099609375,9672.169921875,6141320000.0,INDEX
2020-06-05,9824.3896484375,9846.6298828125,9659.4501953125,9673.08984375,6607730000.0,INDEX
2020-06-08,9901.51953125,9904.51953125,9753.8701171875,9805.6904296875,6197330000.0,INDEX
2020-06-09,9967.169921875,10006.900390625,9859.0,9861.1796875,5319450000.0,INDEX
2020-06-10,10094.259765625,10155.2001953125,10022.4404296875,10037.98046875,5170860000.0,INDEX
2020-06-11,9588.48046875,9978.1904296875,9586.25,9907.5595703125,5300850000.0,INDEX
2020-06-12,9663.7802734375,9849.009765625,9499.08984375,9785.580078125,4388990000.0,INDEX
2020-06-15,9776.8896484375,9809.41015625,9489.580078125,9517.1396484375,4476010000.0,INDEX
2020-06-16,9949.3701171875,10010.8896484375,9801.4501953125,9983.650390625,4669320000.0,INDEX
2020-06-17,9982.48046875,10058.650390625,9952.5,9998.8603515625,4279700000.0,INDEX
2020-06-18,10012.0498046875,10018.5595703125,9942.1103515625,9972.349609375,4335320000.0,INDEX
2020-06-19,10008.6396484375,10121.669921875,9937.8095703125,10104.6298828125,6093830000.0,INDEX
2020-06-22,10130.330078125,10134.6396484375,9989.490234375,10009.0,4506960000.0,INDEX
2020-06-23,10209.8203125,10306.900390625,10172.0703125,10192.419921875,5755170000.0,INDEX
2020-06-24,10002.7001953125,10232.419921875,9943.240234375,10183.76953125,5589130000.0,INDEX
2020-06-25,10101.830078125,10110.2900390625,9901.2099609375,10003.5,4779640000.0,INDEX
2020-06-26,9849.3603515625,10093.98046875,9837.740234375,10087.080078125,7309380000.0,INDEX
2020-06-29,9961.16015625,9965.080078125,9742.8896484375,9850.5498046875,4336290000.0,INDEX
2020-06-30,10156.849609375,10185.349609375,9956.830078125,9970.2099609375,4510190000.0,INDEX
2020-07-01,10279.25,10321.76953125,10142.75,10160.41015625,4624430000.0,INDEX
2020-07-02,10341.8896484375,10432.5498046875,10328.7802734375,10386.3798828125,4038920000.0,INDEX
2020-07-06,10604.0595703125,10625.099609375,10485.8203125,10487.7001953125,4570260000.0,INDEX
2020-07-07,10524.009765625,10704.9296875,10516.6298828125,10595.9404296875,4337130000.0,INDEX
2020-07-08,10666.7001953125,10669.1298828125,10528.8203125,10594.41015625,4030210000.0,INDEX
2020-07-09,10754.58984375,10785.9599609375,10574.9697265625,10745.8701171875,4013180000.0,INDEX
2020-07-10,10836.330078125,10842.7802734375,10639.48046875,10751.76953125,3537510000.0,INDEX
2020-07-13,10602.2099609375,11069.259765625,10574.5595703125,10951.5400390625,4851880000.0,INDEX
2020-07-14,10689.51953125,10701.8798828125,10370.7900390625,10502.849609375,4461770000.0,INDEX
2020-07-15,10701.6796875,10780.400390625,10570.9599609375,10752.1103515625,4647070000.0,INDEX
2020-07-16,10626.4599609375,10658.900390625,10495.08984375,10589.8603515625,4277760000.0,INDEX
2020-07-17,10645.2197265625,10680.7001953125,10558.7802734375,10651.599609375,4361480000.0,INDEX
2020-07-20,10952.080078125,10971.51953125,10621.900390625,10672.9599609375,4314630000.0,INDEX
2020-07-21,10833.0703125,11017.4296875,10800.8701171875,11015.5400390625,5350750000.0,INDEX
2020-07-22,10870.75,10910.240234375,10776.240234375,10850.919921875,4128960000.0,INDEX
2020-07-23,10580.58984375,10885.3798828125,10531.2197265625,10853.16015625,4501540000.0,INDEX
2020-07-24,10483.1298828125,10543.419921875,10313.9404296875,10389.5400390625,4233390000.0,INDEX
2020-07-27,10674.3798828125,10689.5498046875,10527.6396484375,10547.1103515625,4244570000.0,INDEX
2020-07-28,10532.5,10662.1904296875,10527.4296875,10644.33984375,3894660000.0,INDEX
2020-07-29,10662.98046875,10694.8798828125,10587.2001953125,10602.400390625,4009640000.0,INDEX
2020-07-30,10715.509765625,10737.0302734375,10531.7900390625,10578.6298828125,4185810000.0,INDEX
2020-07-31,10905.8798828125,10908.33984375,10707.400390625,10886.3603515625,4438730000.0,INDEX
2020-08-03,11055.080078125,11085.5,10997.669921875,11018.01953125,4203890000.0,INDEX
2020-08-04,11096.5400390625,11097.849609375,11002.5498046875,11048.5,4016520000.0,INDEX
2020-08-05,11125.4404296875,11141.6904296875,11077.7001953125,11107.240234375,4160740000.0,INDEX
2020-08-06,11267.080078125,11282.240234375,11090.5,11116.490234375,4120000000.0,INDEX
2020-08-07,11139.3896484375,11276.2998046875,11044.599609375,11235.240234375,4263930000.0,INDEX
2020-08-10,11085.169921875,11159.3798828125,10941.8701171875,11153.509765625,4048420000.0,INDEX
2020-08-11,10876.080078125,11090.919921875,10855.0595703125,11039.6796875,4331770000.0,INDEX
2020-08-12,11157.7197265625,11190.259765625,10970.8701171875,10972.0703125,3745230000.0,INDEX
2020-08-13,11178.3701171875,11271.2197265625,11139.6396484375,11174.6396484375,3480470000.0,INDEX
2020-08-14,11164.4501953125,11213.26953125,11106.9296875,11187.8203125,3514260000.0,INDEX
2020-08-17,11288.5703125,11306.4697265625,11228.1396484375,11231.9697265625,3214870000.0,INDEX
2020-08-18,11399.0302734375,11421.099609375,11279.080078125,11339.759765625,3228590000.0,INDEX
2020-08-19,11318.6396484375,11440.2197265625,11303.400390625,11397.23046875,3496480000.0,INDEX
2020-08-20,11477.0498046875,11497.1796875,11268.4599609375,11277.0498046875,4215130000.0,INDEX
2020-08-21,11555.16015625,11574.7900390625,11461.5302734375,11476.849609375,3929290000.0,INDEX
2020-08-24,11626.169921875,11728.08984375,11535.5498046875,11703.33984375,3907310000.0,INDEX
2020-08-25,11721.8095703125,11723.9501953125,11580.8896484375,11610.580078125,3475280000.0,INDEX
2020-08-26,11971.9404296875,11979.650390625,11768.0,11779.349609375,3471520000.0,INDEX
2020-08-27,11926.16015625,12047.990234375,11842.83984375,11997.8896484375,3547400000.0,INDEX
2020-08-28,11995.849609375,12018.1396484375,11928.6904296875,11992.6796875,3012980000.0,INDEX
2020-08-31,12110.7001953125,12167.4599609375,12000.1103515625,12017.4599609375,3612050000.0,INDEX
2020-09-01,12292.8603515625,12300.4404296875,12132.7802734375,12203.3603515625,3511060000.0,INDEX
2020-09-02,12420.5400390625,12439.48046875,12176.1796875,12417.4501953125,3982360000.0,INDEX
2020-09-03,11771.3701171875,12235.0,11662.1103515625,12195.75,4465010000.0,INDEX
2020-09-04,11622.1298828125,11846.1796875,11145.990234375,11686.240234375,4284440000.0,INDEX
2020-09-08,11068.259765625,11400.4599609375,11055.16015625,11143.91015625,3905420000.0,INDEX
2020-09-09,11395.849609375,11480.3701171875,11197.1298828125,11308.25,3550660000.0,INDEX
2020-09-10,11154.1201171875,11566.33984375,11095.9404296875,11501.4296875,3840010000.0,INDEX
2020-09-11,11087.400390625,11280.41015625,10945.2197265625,11251.1904296875,3630250000.0,INDEX
2020-09-14,11277.759765625,11363.25,11192.8203125,11250.7998046875,3737610000.0,INDEX
2020-09-15,11438.8701171875,11495.400390625,11367.2001953125,11432.9404296875,3786110000.0,INDEX
2020-09-16,11247.599609375,11486.08984375,11242.9599609375,11467.900390625,3678020000.0,INDEX
2020-09-17,11080.9501953125,11160.0400390625,10936.7998046875,10965.740234375,3740110000.0,INDEX
2020-09-18,10936.98046875,11153.9697265625,10769.400390625,11147.7998046875,5759090000.0,INDEX
2020-09-21,10980.2197265625,10984.759765625,10677.849609375,10768.009765625,3900970000.0,INDEX
2020-09-22,11186.3701171875,11207.080078125,10943.259765625,11082.08984375,3515440000.0,INDEX
2020-09-23,10833.330078125,11179.58984375,10806.0498046875,11167.2197265625,4097320000.0,INDEX
2020-09-24,10896.4697265625,11026.4296875,10728.41015625,10746.349609375,4086360000.0,INDEX
2020-09-25,11151.1298828125,11177.73046875,10851.6796875,10910.5,3785270000.0,INDEX
2020-09-28,11364.4501953125,11369.400390625,11243.240234375,11332.3203125,3591740000.0,INDEX
2020-09-29,11322.9501953125,11396.2197265625,11305.7900390625,11354.7001953125,3389040000.0,INDEX
2020-09-30,11418.0595703125,11535.009765625,11328.5498046875,11328.5498046875,4260630000.0,INDEX
2020-10-01,11583.2001953125,11606.73046875,11488.599609375,11554.9599609375,4005900000.0,INDEX
2020-10-02,11255.6904296875,11479.080078125,11225.169921875,11328.849609375,3731510000.0,INDEX
2020-10-05,11509.0595703125,11512.0595703125,11336.0703125,11345.240234375,3623920000.0,INDEX
2020-10-06,11291.26953125,11536.419921875,11256.259765625,11476.6796875,4390960000.0,INDEX
2020-10-07,11503.1904296875,11519.5498046875,11382.48046875,11412.650390625,3910770000.0,INDEX
2020-10-08,11550.9404296875,11582.7802734375,11510.240234375,11576.4404296875,3507570000.0,INDEX
2020-10-09,11725.849609375,11727.599609375,11600.8603515625,11615.5703125,3504230000.0,INDEX
2020-10-12,12088.1103515625,12204.75,11880.23046875,11900.1201171875,3885030000.0,INDEX
2020-10-13,12083.169921875,12187.7802734375,12032.75,12131.0703125,3634130000.0,INDEX
2020-10-14,11985.3603515625,12159.2099609375,11913.5703125,12105.099609375,3410410000.0,INDEX
2020-10-15,11898.5703125,11928.6298828125,11765.490234375,11767.26953125,3325270000.0,INDEX
2020-10-16,11852.169921875,12034.1298828125,11824.1396484375,11952.1201171875,3166980000.0,INDEX
2020-10-19,11634.349609375,11962.4697265625,11606.48046875,11913.009765625,3477410000.0,INDEX
2020-10-20,11677.83984375,11801.400390625,11613.759765625,11679.080078125,3510040000.0,INDEX
2020-10-21,11665.3701171875,11789.4599609375,11646.48046875,11686.1904296875,3467310000.0,INDEX
2020-10-22,11662.91015625,11739.2197265625,11529.73046875,11712.6396484375,3434040000.0,INDEX
2020-10-23,11692.5703125,11693.009765625,11569.08984375,11680.73046875,3145570000.0,INDEX
2020-10-26,11504.51953125,11708.080078125,11360.73046875,11584.169921875,3205100000.0,INDEX
2020-10-27,11598.9501953125,11633.490234375,11503.099609375,11560.8603515625,3104770000.0,INDEX
2020-10-28,11142.759765625,11426.099609375,11136.099609375,11400.48046875,3930690000.0,INDEX
2020-10-29,11350.740234375,11467.3701171875,11187.080078125,11214.330078125,3244190000.0,INDEX
2020-10-30,11052.9501953125,11293.759765625,10960.01953125,11265.7001953125,3671600000.0,INDEX
2020-11-02,11084.759765625,11222.51953125,10957.1103515625,11152.48046875,3209000000.0,INDEX
2020-11-03,11279.91015625,11356.080078125,11115.5498046875,11155.849609375,3216580000.0,INDEX
2020-11-04,11777.01953125,11846.4599609375,11564.91015625,11627.759765625,3620760000.0,INDEX
2020-11-05,12078.0703125,12117.0400390625,11977.0703125,12021.76953125,3848160000.0,INDEX
2020-11-06,12091.349609375,12116.91015625,11895.5,12044.2900390625,4183220000.0,INDEX
2020-11-09,11830.3896484375,12268.66015625,11818.240234375,12194.7099609375,5863900000.0,INDEX
2020-11-10,11624.2900390625,11761.9501953125,11512.4599609375,11704.4599609375,4736560000.0,INDEX
2020-11-11,11892.9296875,11904.1298828125,11714.3203125,11734.8095703125,3854680000.0,INDEX
2020-11-12,11827.1396484375,11976.8896484375,11786.08984375,11924.150390625,3886670000.0,INDEX
2020-11-13,11937.83984375,11957.08984375,11808.9501953125,11910.6201171875,3654230000.0,INDEX
2020-11-16,12013.3798828125,12035.5,11891.849609375,11925.3603515625,4172570000.0,INDEX
2020-11-17,11977.490234375,12047.1298828125,11964.2001953125,12030.26953125,4145030000.0,INDEX
2020-11-18,11894.7099609375,12027.150390625,11892.5400390625,11963.3603515625,4731420000.0,INDEX
2020-11-19,11985.4296875,12000.2900390625,11842.66015625,11863.1201171875,5385190000.0,INDEX
2020-11-20,11906.4404296875,12017.419921875,11903.5703125,11976.0,5350970000.0,INDEX
2020-11-23,11905.9404296875,12001.830078125,11817.5302734375,11959.8896484375,5473250000.0,INDEX
2020-11-24,12079.8095703125,12094.16015625,11878.3095703125,11952.7001953125,6339580000.0,INDEX
2020-11-25,12152.2197265625,12174.990234375,12081.509765625,12112.1103515625,4448640000.0,INDEX
2020-11-27,12258.2099609375,12306.7099609375,12214.4501953125,12220.3701171875,3401830000.0,INDEX
2020-11-30,12268.3203125,12299.6103515625,12090.9296875,12278.7802734375,7760390000.0,INDEX
2020-12-01,12455.330078125,12510.01953125,12338.3603515625,12387.6201171875,6512420000.0,INDEX
2020-12-02,12456.41015625,12472.25,12318.26953125,12390.580078125,5194960000.0,INDEX
2020-12-03,12467.1298828125,12538.919921875,12445.3603515625,12469.16015625,5209980000.0,INDEX
2020-12-04,12528.48046875,12531.2099609375,12450.509765625,12479.91015625,5086900000.0,INDEX
2020-12-07,12596.4697265625,12610.0,12523.1201171875,12523.5703125,4771820000.0,INDEX
2020-12-08,12635.7197265625,12651.349609375,12504.9697265625,12574.83984375,4809480000.0,INDEX
2020-12-09,12364.6396484375,12643.240234375,12311.2998046875,12626.9697265625,5168450000.0,INDEX
2020-12-10,12401.740234375,12447.849609375,12226.1298828125,12268.4697265625,4518580000.0,INDEX
2020-12-11,12375.41015625,12378.6103515625,12236.7998046875,12327.0703125,4292680000.0,INDEX
2020-12-14,12462.2099609375,12544.3095703125,12426.25,12427.8603515625,4491930000.0,INDEX
2020-12-15,12595.919921875,12596.83984375,12467.5703125,12565.2802734375,4423650000.0,INDEX
2020-12-16,12668.16015625,12698.1103515625,12568.7099609375,12607.8701171875,4592700000.0,INDEX
2020-12-17,12752.0595703125,12760.9697265625,12685.98046875,12741.6396484375,5029830000.0,INDEX
2020-12-18,12738.1796875,12793.4697265625,12611.2197265625,12786.919921875,7125800000.0,INDEX
2020-12-21,12690.259765625,12706.4404296875,12474.0302734375,12575.599609375,5192860000.0,INDEX
2020-12-22,12717.5595703125,12761.23046875,12606.419921875,12715.48046875,5811850000.0,INDEX
2020-12-23,12653.1396484375,12737.58984375,12649.599609375,12733.75,7100250000.0,INDEX
2020-12-24,12711.009765625,12732.5498046875,12665.7998046875,12668.2001953125,3305960000.0,INDEX
2020-12-28,12838.8603515625,12861.91015625,12747.0498046875,12813.9697265625,5109140000.0,INDEX
2020-12-29,12843.490234375,12925.5302734375,12816.58984375,12909.8603515625,4726920000.0,INDEX
2020-12-30,12845.3603515625,12917.4501953125,12828.7900390625,12900.0302734375,5343010000.0,INDEX
2020-12-31,12888.2802734375,12904.08984375,12804.75,12852.9599609375,4815840000.0,INDEX
2021-01-04,12694.66015625,12950.2197265625,12537.419921875,12950.2197265625,6636170000.0,INDEX
2021-01-05,12802.3798828125,12809.669921875,12663.1298828125,12663.1298828125,6971860000.0,INDEX
2021-01-06,12623.349609375,12803.2900390625,12569.419921875,12601.259765625,7689880000.0,INDEX
2021-01-07,12939.5703125,12966.6796875,12744.8203125,12745.41015625,6841480000.0,INDEX
2021-01-08,13105.2001953125,13113.08984375,12939.73046875,13037.240234375,7289390000.0,INDEX
2021-01-11,12902.490234375,13023.2099609375,12883.58984375,12961.5,6960470000.0,INDEX
2021-01-12,12892.08984375,12957.4296875,12783.7099609375,12916.099609375,7264070000.0,INDEX
2021-01-13,12973.6298828125,13008.849609375,12878.01953125,12911.8701171875,7104810000.0,INDEX
2021-01-14,12898.6904296875,13037.0498046875,12886.16015625,13010.9404296875,6734100000.0,INDEX
2021-01-15,12803.9296875,12941.2900390625,12758.099609375,12898.08984375,6458360000.0,INDEX
2021-01-19,12996.5400390625,13012.08984375,12861.2998046875,12921.6103515625,6297860000.0,INDEX
2021-01-20,13296.4501953125,13332.259765625,13138.2998046875,13155.1201171875,6820990000.0,INDEX
2021-01-21,13404.990234375,13433.6904296875,13297.7900390625,13356.7001953125,7258640000.0,INDEX
2021-01-22,13366.400390625,13404.76953125,13336.900390625,13356.1796875,5972750000.0,INDEX
2021-01-25,13483.2900390625,13563.7001953125,13205.58984375,13515.6298828125,7193710000.0,INDEX
2021-01-26,13490.1904296875,13536.2998046875,13440.3203125,13507.4697265625,6849600000.0,INDEX
2021-01-27,13112.650390625,13393.509765625,13034.1396484375,13371.16015625,11621190000.0,INDEX
2021-01-28,13201.5302734375,13401.849609375,13150.099609375,13163.3203125,9959270000.0,INDEX
2021-01-29,12925.3798828125,13167.8701171875,12845.4296875,13124.7001953125,7872250000.0,INDEX
2021-02-01,13248.900390625,13280.2197265625,12983.099609375,13067.650390625,7092520000.0,INDEX
2021-02-02,13456.1201171875,13501.23046875,13363.759765625,13371.3701171875,7325270000.0,INDEX
2021-02-03,13402.3701171875,13561.4501953125,13400.080078125,13555.0302734375,7546940000.0,INDEX
2021-02-04,13560.8896484375,13563.1298828125,13406.4404296875,13454.849609375,7295370000.0,INDEX
2021-02-05,13603.9599609375,13642.9599609375,13527.8095703125,13592.76953125,6792910000.0,INDEX
2021-02-08,13695.01953125,13698.41015625,13607.9599609375,13672.330078125,8564530000.0,INDEX
2021-02-09,13687.080078125,13741.7900390625,13664.7001953125,13667.1396484375,8766770000.0,INDEX
2021-02-10,13655.26953125,13770.91015625,13531.9296875,13751.419921875,10785930000.0,INDEX
2021-02-11,13734.349609375,13747.2001953125,13637.1904296875,13723.6298828125,10916780000.0,INDEX
2021-02-12,13807.7001953125,13816.25,13656.7802734375,13695.900390625,7416940000.0,INDEX
2021-02-16,13773.76953125,13879.76953125,13726.7802734375,13841.0302734375,7722100000.0,INDEX
2021-02-17,13699.7099609375,13713.1396484375,13552.66015625,13636.150390625,7280500000.0,INDEX
2021-02-18,13637.509765625,13669.9404296875,13477.169921875,13556.009765625,6499420000.0,INDEX
2021-02-19,13580.7802734375,13701.6904296875,13545.4501953125,13686.23046875,6737820000.0,INDEX
2021-02-22,13223.740234375,13447.3701171875,13220.76953125,13414.0400390625,6483740000.0,INDEX
2021-02-23,13194.7099609375,13259.849609375,12758.1201171875,12982.3603515625,7516510000.0,INDEX
2021-02-24,13302.1904296875,13312.4296875,12971.8203125,13095.8603515625,5886230000.0,INDEX
2021-02-25,12828.3095703125,13294.5595703125,12773.759765625,13197.75,6390380000.0,INDEX
2021-02-26,12909.4404296875,13090.3603515625,12764.33984375,12958.9599609375,5906110000.0,INDEX
2021-03-01,13282.9501953125,13293.7802734375,13051.7001953125,13106.01953125,5079530000.0,INDEX
2021-03-02,13059.9501953125,13301.6201171875,13052.1201171875,13297.759765625,4948140000.0,INDEX
2021-03-03,12683.330078125,13057.2900390625,12679.8896484375,13020.099609375,5529980000.0,INDEX
2021-03-04,12464.0,12799.080078125,12314.16015625,12655.919921875,7864380000.0,INDEX
2021-03-05,12668.509765625,12700.9599609375,12208.3896484375,12594.16015625,7725200000.0,INDEX
2021-03-08,12299.080078125,12718.580078125,12287.5703125,12629.5595703125,6010230000.0,INDEX
2021-03-09,12794.490234375,12868.51953125,12592.830078125,12635.4501953125,6345560000.0,INDEX
2021-03-10,12752.0703125,12979.3798828125,12726.849609375,12950.25,6023880000.0,INDEX
2021-03-11,13052.900390625,13117.8603515625,12920.009765625,12960.5302734375,6008850000.0,INDEX
2021-03-12,12937.2900390625,12943.580078125,12778.1298828125,12873.3896484375,5497210000.0,INDEX
2021-03-15,13082.5400390625,13085.009765625,12885.6396484375,12936.1298828125,5972370000.0,INDEX
2021-03-16,13152.2802734375,13297.48046875,13091.7802734375,13156.650390625,5493890000.0,INDEX
2021-03-17,13202.3798828125,13280.2900390625,12950.080078125,13024.830078125,5536110000.0,INDEX
2021-03-18,12789.1396484375,13040.3603515625,12781.5302734375,13006.2900390625,5739720000.0,INDEX
2021-03-19,12866.990234375,12906.01953125,12704.0703125,12792.669921875,7630590000.0,INDEX
2021-03-22,13086.509765625,13167.4599609375,12943.1396484375,12943.1396484375,5321760000.0,INDEX
2021-03-23,13017.7900390625,13180.66015625,12993.5,13127.169921875,5675010000.0,INDEX
2021-03-24,12798.8798828125,13077.490234375,12797.849609375,13072.8203125,6248650000.0,INDEX
2021-03-25,12780.509765625,12845.66015625,12627.9296875,12707.580078125,5634290000.0,INDEX
2021-03-26,12979.1201171875,12992.2998046875,12721.66015625,12777.26953125,5224360000.0,INDEX
2021-03-29,12965.740234375,13013.4697265625,12836.599609375,12950.509765625,4965090000.0,INDEX
2021-03-30,12896.5302734375,12929.4599609375,12798.0302734375,12904.009765625,4721950000.0,INDEX
2021-03-31,13091.4404296875,13167.0595703125,12966.650390625,12970.330078125,5004720000.0,INDEX
2021-04-01,13329.51953125,13333.41015625,13255.8203125,13268.8798828125,4576480000.0,INDEX
2021-04-05,13598.16015625,13623.599609375,13420.8095703125,13434.0400390625,4459000000.0,INDEX
2021-04-06,13578.4599609375,13660.2900390625,13551.599609375,13567.2001953125,4073710000.0,INDEX
2021-04-07,13616.7001953125,13648.7998046875,13532.6298828125,13553.900390625,4098740000.0,INDEX
2021-04-08,13758.509765625,13763.1796875,13703.509765625,13730.73046875,4153600000.0,INDEX
2021-04-09,13845.0595703125,13849.3095703125,13674.919921875,13709.669921875,3926110000.0,INDEX
2021-04-12,13819.349609375,13839.3896484375,13747.6298828125,13792.740234375,4250900000.0,INDEX
2021-04-13,13986.490234375,14002.5302734375,13874.580078125,13874.580078125,4219360000.0,INDEX
2021-04-14,13803.91015625,13990.5400390625,13782.1796875,13988.8603515625,4120770000.0,INDEX
2021-04-15,14026.1904296875,14040.1103515625,13931.009765625,13934.8701171875,4406880000.0,INDEX
2021-04-16,14041.91015625,14050.3798828125,13966.5400390625,14035.9599609375,4427780000.0,INDEX
2021-04-19,13907.669921875,14025.6396484375,13835.75,13970.830078125,4379610000.0,INDEX
2021-04-20,13809.2998046875,13934.8896484375,13730.58984375,13891.9599609375,4245120000.0,INDEX
2021-04-21,13935.150390625,13939.7001953125,13717.4404296875,13768.919921875,3999620000.0,INDEX
2021-04-22,13762.3603515625,13954.0302734375,13716.759765625,13920.8798828125,4420820000.0,INDEX
2021-04-23,13941.4404296875,13989.4296875,13789.4501953125,13794.490234375,4355100000.0,INDEX
2021-04-26,14026.16015625,14039.400390625,13919.9296875,13954.9404296875,4506210000.0,INDEX
2021-04-27,13960.2802734375,14048.33984375,13931.1796875,14048.1298828125,4691460000.0,INDEX
2021-04-28,13901.6201171875,13992.080078125,13895.150390625,13953.6103515625,4559710000.0,INDEX
2021-04-29,13970.2001953125,14073.48046875,13836.099609375,14063.9404296875,4928030000.0,INDEX
2021-04-30,13860.759765625,13969.2099609375,13838.8203125,13857.7900390625,4792460000.0,INDEX
2021-05-03,13799.7197265625,13955.0,13784.66015625,13923.0400390625,4761430000.0,INDEX
2021-05-04,13544.669921875,13705.3798828125,13396.1103515625,13680.6298828125,5879730000.0,INDEX
2021-05-05,13503.3701171875,13676.8603515625,13478.580078125,13649.1201171875,4535690000.0,INDEX
2021-05-06,13613.73046875,13617.33984375,13403.4599609375,13490.9404296875,5021400000.0,INDEX
2021-05-07,13719.6298828125,13814.650390625,13669.7802734375,13715.5595703125,4391100000.0,INDEX
2021-05-10,13359.080078125,13648.490234375,13358.6201171875,13647.73046875,4818670000.0,INDEX
2021-05-11,13351.26953125,13381.66015625,13094.759765625,13102.6396484375,4738390000.0,INDEX
2021-05-12,13001.6298828125,13236.8896484375,12967.1796875,13155.0703125,4752930000.0,INDEX
2021-05-13,13109.150390625,13226.6396484375,13006.76953125,13133.73046875,4698110000.0,INDEX
2021-05-14,13393.1201171875,13430.0,13220.1904296875,13238.990234375,4022610000.0,INDEX
2021-05-17,13312.91015625,13350.1396484375,13196.5703125,13329.8603515625,3997780000.0,INDEX
2021-05-18,13217.6796875,13400.51953125,13212.849609375,13352.259765625,4301300000.0,INDEX
2021-05-19,13237.91015625,13243.98046875,12994.349609375,12998.5302734375,4333520000.0,INDEX
2021-05-20,13494.08984375,13526.009765625,13293.099609375,13294.58984375,3990760000.0,INDEX
2021-05-21,13411.740234375,13573.83984375,13401.5302734375,13573.2197265625,3733940000.0,INDEX
2021-05-24,13641.75,13687.6103515625,13500.1201171875,13504.3896484375,3509470000.0,INDEX
2021-05-25,13657.73046875,13734.41015625,13614.5400390625,13701.2998046875,4128990000.0,INDEX
2021-05-26,13702.740234375,13726.0595703125,13661.0595703125,13687.7099609375,4264500000.0,INDEX
2021-05-27,13657.849609375,13724.759765625,13652.1298828125,13686.8603515625,5087180000.0,INDEX
2021-05-28,13686.509765625,13765.7998046875,13684.830078125,13717.0,4447940000.0,INDEX
2021-06-01,13654.58984375,13773.4501953125,13602.1201171875,13764.26953125,4186280000.0,INDEX
2021-06-02,13675.7900390625,13712.6796875,13610.16015625,13655.7099609375,5097630000.0,INDEX
2021-06-03,13529.6796875,13608.5400390625,13469.849609375,13568.91015625,5396250000.0,INDEX
2021-06-04,13770.76953125,13784.76953125,13613.580078125,13619.7900390625,4360710000.0,INDEX
2021-06-07,13802.8896484375,13808.419921875,13710.1103515625,13744.150390625,4639210000.0,INDEX
2021-06-08,13810.8603515625,13913.400390625,13746.419921875,13873.4599609375,5958410000.0,INDEX
2021-06-09,13814.9404296875,13900.7099609375,13811.0498046875,13865.509765625,5640490000.0,INDEX
2021-06-10,13960.349609375,13962.98046875,13817.830078125,13834.259765625,4919880000.0,INDEX
2021-06-11,13998.2998046875,13998.650390625,13934.0,13959.4697265625,4157580000.0,INDEX
2021-06-14,14128.2001953125,14129.330078125,13963.9404296875,14002.1396484375,4415160000.0,INDEX
2021-06-15,14030.41015625,14126.259765625,14008.9296875,14120.8095703125,4554580000.0,INDEX
2021-06-16,13983.009765625,14100.1103515625,13843.599609375,14053.1201171875,4683030000.0,INDEX
2021-06-17,14163.8095703125,14205.4296875,13946.51953125,13946.7001953125,4558280000.0,INDEX
2021-06-18,14049.580078125,14140.6201171875,14024.599609375,14125.1201171875,6126070000.0,INDEX
2021-06-21,14137.23046875,14150.91015625,13967.8896484375,14055.0400390625,4562010000.0,INDEX
2021-06-22,14270.419921875,14288.490234375,14128.009765625,14140.2998046875,4433140000.0,INDEX
2021-06-23,14274.240234375,14324.740234375,14247.580078125,14275.08984375,4417470000.0,INDEX
2021-06-24,14365.9599609375,14429.1396484375,14337.650390625,14358.2998046875,4324620000.0,INDEX
2021-06-25,14345.1796875,14401.7099609375,14324.259765625,14396.6298828125,7468090000.0,INDEX
2021-06-28,14524.98046875,14530.0703125,14400.58984375,14401.6298828125,4283000000.0,INDEX
2021-06-29,14572.75,14575.1904296875,14481.849609375,14523.6298828125,4901300000.0,INDEX
2021-06-30,14554.7998046875,14582.2998046875,14530.8701171875,14560.0703125,5293810000.0,INDEX
2021-07-01,14560.0498046875,14576.6396484375,14483.419921875,14530.6298828125,4410470000.0,INDEX
2021-07-02,14727.6298828125,14738.1396484375,14626.8203125,14633.509765625,3751420000.0,INDEX
2021-07-06,14786.3603515625,14797.4501953125,14635.3095703125,14755.150390625,4489540000.0,INDEX
2021-07-07,14810.5400390625,14891.1904296875,14735.75,14889.759765625,4605630000.0,INDEX
2021-07-08,14722.1396484375,14763.669921875,14551.759765625,14577.669921875,4575010000.0,INDEX
2021-07-09,14826.08984375,14838.7197265625,14685.5400390625,14709.3203125,3826500000.0,INDEX
2021-07-12,14877.8896484375,14899.4599609375,14813.7900390625,14878.7099609375,3897090000.0,INDEX
2021-07-13,14874.5400390625,15002.2802734375,14843.7998046875,14871.0400390625,4583460000.0,INDEX
2021-07-14,14900.4404296875,15001.1298828125,14871.73046875,14984.8603515625,4496220000.0,INDEX
2021-07-15,14794.6904296875,14907.509765625,14717.5498046875,14903.490234375,4512550000.0,INDEX
2021-07-16,14681.3798828125,14875.9697265625,14667.099609375,14842.080078125,4069530000.0,INDEX
2021-07-19,14549.08984375,14578.9599609375,14455.0703125,14517.9599609375,4537130000.0,INDEX
2021-07-20,14728.2099609375,14790.599609375,14530.7802734375,14601.33984375,4652450000.0,INDEX
2021-07-21,14842.6298828125,14843.169921875,14710.1103515625,14723.669921875,4098520000.0,INDEX
2021-07-22,14940.169921875,14941.3798828125,14865.4697265625,14865.4697265625,3597540000.0,INDEX
2021-07-23,15111.7900390625,15125.83984375,14948.0400390625,15004.4296875,3997250000.0,INDEX
2021-07-26,15125.9501953125,15142.349609375,15048.23046875,15088.2802734375,4437090000.0,INDEX
2021-07-27,14956.9697265625,15107.740234375,14787.7998046875,15103.009765625,4329230000.0,INDEX
2021-07-28,15018.099609375,15078.849609375,14913.5498046875,15005.169921875,4268210000.0,INDEX
2021-07-29,15048.3603515625,15091.9599609375,15004.419921875,15015.2998046875,3928640000.0,INDEX
2021-07-30,14959.900390625,14990.8603515625,14882.3896484375,14882.3896484375,3645050000.0,INDEX
2021-08-02,14963.6201171875,15059.8896484375,14945.1298828125,15046.099609375,3746130000.0,INDEX
2021-08-03,15061.419921875,15063.66015625,14864.5302734375,14997.2001953125,4141370000.0,INDEX
2021-08-04,15083.3896484375,15117.3798828125,15017.1396484375,15059.16015625,4337330000.0,INDEX
2021-08-05,15181.6396484375,15184.26953125,15083.83984375,15105.400390625,4107300000.0,INDEX
2021-08-06,15109.3603515625,15162.33984375,15063.01953125,15125.740234375,4173090000.0,INDEX
2021-08-09,15133.1103515625,15154.6796875,15081.75,15136.1396484375,4111640000.0,INDEX
2021-08-10,15053.580078125,15169.4501953125,15010.16015625,15157.3701171875,3991770000.0,INDEX
2021-08-11,15027.759765625,15127.7802734375,14972.599609375,15101.8203125,4002340000.0,INDEX
2021-08-12,15088.98046875,15097.91015625,14956.25,15012.599609375,4049000000.0,INDEX
2021-08-13,15136.6796875,15150.48046875,15079.2998046875,15101.83984375,4061070000.0,INDEX
2021-08-16,15140.76953125,15142.0302734375,14931.150390625,15090.0498046875,3973920000.0,INDEX
2021-08-17,15002.830078125,15062.7001953125,14906.2197265625,15018.9404296875,4168880000.0,INDEX
2021-08-18,14857.919921875,15039.900390625,14846.509765625,14975.01953125,3841840000.0,INDEX
2021-08-19,14933.9404296875,15000.1904296875,14773.1904296875,14773.1904296875,4191490000.0,INDEX
2021-08-20,15092.5703125,15103.9404296875,14968.8701171875,14974.0595703125,3886340000.0,INDEX
2021-08-23,15312.8203125,15341.4697265625,15140.1396484375,15140.1396484375,3906780000.0,INDEX
2021-08-24,15357.6796875,15384.419921875,15319.5498046875,15338.919921875,3809750000.0,INDEX
2021-08-25,15368.919921875,15404.3603515625,15341.919921875,15384.830078125,3654150000.0,INDEX
2021-08-26,15278.51953125,15369.2802734375,15265.23046875,15348.98046875,3630900000.0,INDEX
2021-08-27,15432.9501953125,15447.0302734375,15292.740234375,15305.75,4048610000.0,INDEX
2021-08-30,15605.08984375,15620.6201171875,15459.740234375,15460.9296875,4061760000.0,INDEX
2021-08-31,15582.509765625,15604.4501953125,15522.7802734375,15601.33984375,4188020000.0,INDEX
2021-09-01,15611.5703125,15696.419921875,15603.669921875,15637.1298828125,4271690000.0,INDEX
2021-09-02,15604.25,15681.759765625,15554.2900390625,15656.2802734375,4050510000.0,INDEX
2021-09-03,15652.8603515625,15668.1201171875,15554.9697265625,15578.9599609375,3706990000.0,INDEX
2021-09-07,15675.759765625,15701.400390625,15610.23046875,15662.2998046875,4014250000.0,INDEX
2021-09-08,15620.849609375,15669.009765625,15528.4501953125,15669.009765625,4131560000.0,INDEX
2021-09-09,15561.0498046875,15675.4599609375,15556.740234375,15639.4404296875,4031140000.0,INDEX
2021-09-10,15440.75,15673.5,15433.4296875,15648.0498046875,4587150000.0,INDEX
2021-09-13,15434.5,15562.2802734375,15351.7001953125,15545.66015625,4723370000.0,INDEX
2021-09-14,15382.900390625,15525.9697265625,15352.0595703125,15505.7802734375,4593140000.0,INDEX
2021-09-15,15503.5302734375,15518.9501953125,15316.400390625,15419.9501953125,4465140000.0,INDEX
2021-09-16,15515.91015625,15539.1396484375,15370.8798828125,15452.669921875,3701500000.0,INDEX
2021-09-17,15333.4697265625,15485.2099609375,15291.0400390625,15481.4296875,6709540000.0,INDEX
2021-09-20,15012.1904296875,15157.259765625,14821.0302734375,15068.650390625,4879490000.0,INDEX
2021-09-21,15027.76953125,15139.900390625,14986.98046875,15096.9697265625,4083010000.0,INDEX
2021-09-22,15176.509765625,15230.33984375,15029.900390625,15073.9599609375,4252490000.0,INDEX
2021-09-23,15316.580078125,15356.919921875,15199.4296875,15231.2001953125,4196130000.0,INDEX
2021-09-24,15329.6796875,15345.5400390625,15209.16015625,15222.9697265625,3992150000.0,INDEX
2021-09-27,15204.8203125,15240.580078125,15106.4501953125,15205.23046875,4650790000.0,INDEX
2021-09-28,14770.2998046875,15040.5703125,14758.98046875,15001.98046875,4989510000.0,INDEX
2021-09-29,14752.8896484375,14914.919921875,14727.41015625,14835.509765625,5294600000.0,INDEX
2021-09-30,14689.6201171875,14888.2197265625,14684.5498046875,14830.2998046875,5950950000.0,INDEX
2021-10-01,14791.8701171875,14830.83984375,14555.1201171875,14731.3798828125,4710720000.0,INDEX
2021-10-04,14472.1201171875,14727.599609375,14384.9296875,14713.599609375,4557110000.0,INDEX
2021-10-05,14674.150390625,14763.6396484375,14520.23046875,14533.4296875,4176390000.0,INDEX
2021-10-06,14766.75,14775.6396484375,14499.48046875,14529.8896484375,4465910000.0,INDEX
2021-10-07,14897.1298828125,15010.3203125,14878.2197265625,14899.0703125,3984180000.0,INDEX
2021-10-08,14820.75,14948.349609375,14805.5,14942.3603515625,3571380000.0,INDEX
2021-10-11,14713.73046875,14907.5703125,14709.0498046875,14765.6904296875,3539540000.0,INDEX
2021-10-12,14662.1103515625,14784.7802734375,14636.330078125,14772.2900390625,4063830000.0,INDEX
2021-10-13,14774.599609375,14800.830078125,14676.580078125,14751.7998046875,4053580000.0,INDEX
2021-10-14,15052.419921875,15059.8896484375,14901.58984375,14925.580078125,4262400000.0,INDEX
2021-10-15,15146.919921875,15150.1396484375,15064.58984375,15106.9697265625,4494440000.0,INDEX
2021-10-18,15300.8896484375,15307.509765625,15074.7099609375,15091.580078125,4167740000.0,INDEX
2021-10-19,15410.7197265625,15414.9697265625,15320.6201171875,15349.4501953125,4483400000.0,INDEX
2021-10-20,15388.7099609375,15457.1103515625,15333.4296875,15448.0,4117050000.0,INDEX
2021-10-21,15489.58984375,15497.580078125,15350.5,15365.8095703125,4961860000.0,INDEX
2021-10-22,15355.0703125,15474.2802734375,15291.9501953125,15422.0703125,5775770000.0,INDEX
2021-10-25,15514.1904296875,15555.650390625,15338.490234375,15417.25,5750200000.0,INDEX
2021-10-26,15559.490234375,15710.7900390625,15518.58984375,15615.3603515625,7173230000.0,INDEX
2021-10-27,15598.3896484375,15729.75,15578.6796875,15603.16015625,6130110000.0,INDEX
2021-10-28,15778.16015625,15784.0,15650.009765625,15674.3896484375,5714890000.0,INDEX
2021-10-29,15850.4697265625,15856.900390625,15638.740234375,15638.740234375,5338290000.0,INDEX
2021-11-01,15905.2802734375,15910.349609375,15785.3095703125,15879.6103515625,5273950000.0,INDEX
2021-11-02,15972.490234375,15988.330078125,15877.26953125,15885.33984375,5129370000.0,INDEX
2021-11-03,16144.5,16157.599609375,15950.58984375,16000.599609375,5325110000.0,INDEX
2021-11-04,16346.240234375,16387.94921875,16169.5595703125,16193.2197265625,5297250000.0,INDEX
2021-11-05,16359.3798828125,16454.48046875,16302.0595703125,16397.58984375,5566400000.0,INDEX
2021-11-08,16336.0302734375,16401.9296875,16314.0,16351.490234375,5723650000.0,INDEX
2021-11-09,16219.9404296875,16401.890625,16168.6298828125,16389.990234375,5574660000.0,INDEX
2021-11-10,15985.5703125,16224.509765625,15905.2802734375,16087.01953125,5369110000.0,INDEX
2021-11-11,16032.4697265625,16116.25,16019.3896484375,16114.0498046875,4570460000.0,INDEX
2021-11-12,16199.8896484375,16218.5498046875,16012.7802734375,16078.1298828125,5446540000.0,INDEX
2021-11-15,16189.1201171875,16256.73046875,16096.3701171875,16227.009765625,5020180000.0,INDEX
2021-11-16,16309.76953125,16329.5,16156.6904296875,16170.2900390625,5533020000.0,INDEX
2021-11-17,16308.0703125,16398.94921875,16276.76953125,16329.0703125,5049320000.0,INDEX
2021-11-18,16482.970703125,16501.919921875,16309.509765625,16398.759765625,5391360000.0,INDEX
2021-11-19,16573.33984375,16625.859375,16523.830078125,16558.560546875,4875310000.0,INDEX
2021-11-22,16380.98046875,16764.859375,16374.7802734375,16644.76953125,5567830000.0,INDEX
2021-11-23,16306.7197265625,16417.5,16121.7001953125,16330.1796875,5434380000.0,INDEX
2021-11-24,16367.8095703125,16370.5595703125,16106.01953125,16202.259765625,4197090000.0,INDEX
2021-11-26,16025.580078125,16302.580078125,15988.9501953125,16237.41015625,3502170000.0,INDEX
2021-11-29,16399.240234375,16437.16015625,16214.5595703125,16263.4296875,4836230000.0,INDEX
2021-11-30,16135.919921875,16454.560546875,16073.759765625,16333.9501953125,6631470000.0,INDEX
2021-12-01,15877.7197265625,16427.189453125,15864.0,16347.9599609375,6320260000.0,INDEX
2021-12-02,15990.759765625,16066.3203125,15770.919921875,15791.2998046875,5418340000.0,INDEX
2021-12-03,15712.0400390625,16089.6103515625,15543.3095703125,16039.41015625,5900290000.0,INDEX
2021-12-06,15846.16015625,15898.58984375,15557.7802734375,15744.91015625,5115230000.0,INDEX
2021-12-07,16325.66015625,16343.669921875,16128.4404296875,16139.5595703125,5116490000.0,INDEX
2021-12-08,16394.33984375,16401.099609375,16250.3896484375,16313.8798828125,4615390000.0,INDEX
2021-12-09,16149.5703125,16413.279296875,16141.3896484375,16337.8095703125,4515600000.0,INDEX
2021-12-10,16331.98046875,16339.1201171875,16139.0,16278.2998046875,4426210000.0,INDEX
2021-12-13,16082.5498046875,16332.6298828125,16075.5400390625,16317.900390625,4573920000.0,INDEX
2021-12-14,15914.900390625,15995.2099609375,15742.7998046875,15877.650390625,4865990000.0,INDEX
2021-12-15,16289.58984375,16301.26953125,15746.9404296875,15908.4501953125,5343920000.0,INDEX
2021-12-16,15863.9404296875,16340.5302734375,15802.6298828125,16335.0302734375,4906480000.0,INDEX
2021-12-17,15801.4599609375,15960.25,15664.099609375,15714.5400390625,7668770000.0,INDEX
2021-12-20,15627.6396484375,15662.6103515625,15508.740234375,15566.830078125,4602640000.0,INDEX
2021-12-21,15986.2802734375,15997.6103515625,15617.48046875,15794.3798828125,4581720000.0,INDEX
2021-12-22,16180.1396484375,16186.25,15947.5595703125,15963.5400390625,4107900000.0,INDEX
2021-12-23,16308.2099609375,16360.75,16188.0302734375,16203.759765625,3935010000.0,INDEX
2021-12-27,16567.5,16567.640625,16361.0703125,16361.0703125,3743920000.0,INDEX
2021-12-28,16488.66015625,16607.189453125,16458.490234375,16602.919921875,3648500000.0,INDEX
2021-12-29,16491.009765625,16548.919921875,16396.16015625,16510.630859375,3714380000.0,INDEX
2021-12-30,16429.099609375,16569.619140625,16415.119140625,16485.400390625,3750920000.0,INDEX
2021-12-31,16320.080078125,16464.619140625,16317.259765625,16411.259765625,3392580000.0,INDEX
2022-01-03,16501.76953125,16504.140625,16306.6396484375,16395.509765625,4429960000.0,INDEX
2022-01-04,16279.73046875,16513.869140625,16151.900390625,16513.869140625,5131110000.0,INDEX
2022-01-05,15771.7802734375,16249.23046875,15763.83984375,16190.5498046875,5031850000.0,INDEX
2022-01-06,15765.3603515625,15900.599609375,15608.5703125,15675.2197265625,4790820000.0,INDEX
2022-01-07,15592.1904296875,15835.0,15526.7998046875,15774.1298828125,4238070000.0,INDEX
2022-01-10,15614.4296875,15627.919921875,15165.5302734375,15383.1796875,5317180000.0,INDEX
2022-01-11,15844.1201171875,15848.5595703125,15496.91015625,15582.7197265625,4390710000.0,INDEX
2022-01-12,15905.099609375,16017.3896484375,15815.9501953125,15955.48046875,4338530000.0,INDEX
2022-01-13,15495.6201171875,15990.3798828125,15468.08984375,15970.08984375,4302020000.0,INDEX
2022-01-14,15611.58984375,15617.1796875,15396.4697265625,15396.4697265625,4374020000.0,INDEX
2022-01-18,15210.759765625,15446.2998046875,15182.9599609375,15378.0595703125,5060790000.0,INDEX
2022-01-19,15047.83984375,15382.0,15038.4404296875,15287.25,4665340000.0,INDEX
2022-01-20,14846.4599609375,15347.6201171875,14832.6904296875,15176.3798828125,5102050000.0,INDEX
2022-01-21,14438.400390625,14868.4501953125,14432.6396484375,14728.66015625,5870830000.0,INDEX
2022-01-24,14509.580078125,14532.5703125,13724.849609375,14160.91015625,6998770000.0,INDEX
2022-01-25,14149.1201171875,14410.4296875,14033.8095703125,14237.599609375,5019380000.0,INDEX
2022-01-26,14172.759765625,14646.5400390625,14006.400390625,14492.51953125,5771140000.0,INDEX
2022-01-27,14003.1103515625,14419.4501953125,13972.8798828125,14346.4599609375,5177380000.0,INDEX
2022-01-28,14454.6103515625,14457.7802734375,13880.48046875,14091.3095703125,4971930000.0,INDEX
2022-01-31,14930.0498046875,14934.51953125,14442.8798828125,14505.0703125,5124940000.0,INDEX
2022-02-01,15019.6796875,15034.419921875,14749.490234375,14966.599609375,4671850000.0,INDEX
2022-02-02,15139.740234375,15196.400390625,14960.849609375,15173.0302734375,4673140000.0,INDEX
2022-02-03,14501.1103515625,14856.509765625,14471.2001953125,14693.849609375,4326300000.0,INDEX
2022-02-04,14694.349609375,14832.0498046875,14452.2802734375,14566.2802734375,4121340000.0,INDEX
2022-02-07,14571.25,14813.8603515625,14524.6298828125,14716.4296875,4268730000.0,INDEX
2022-02-08,14747.0302734375,14785.2197265625,14485.7802734375,14533.25,4293770000.0,INDEX
2022-02-09,15056.9599609375,15057.900390625,14870.3603515625,14930.990234375,4729730000.0,INDEX
2022-02-10,14705.6396484375,15037.259765625,14636.6201171875,14770.6796875,5212510000.0,INDEX
2022-02-11,14253.83984375,14769.6396484375,14194.5400390625,14739.4599609375,5237320000.0,INDEX
2022-02-14,14268.58984375,14400.7802734375,14119.73046875,14233.400390625,4347350000.0,INDEX
2022-02-15,14620.8203125,14624.5302734375,14444.4599609375,14482.1103515625,4416840000.0,INDEX
2022-02-16,14603.6396484375,14647.7900390625,14399.2900390625,14514.83984375,4238560000.0,INDEX
2022-02-17,14171.740234375,14497.4599609375,14155.4296875,14485.080078125,4278370000.0,INDEX
2022-02-18,14009.5400390625,14225.7197265625,13918.759765625,14207.5498046875,4501940000.0,INDEX
2022-02-22,13870.5302734375,14109.259765625,13720.919921875,13892.8095703125,4849170000.0,INDEX
2022-02-23,13509.4296875,14035.9296875,13502.580078125,14016.9404296875,4639330000.0,INDEX
2022-02-24,13974.669921875,13989.099609375,13065.4404296875,13065.4404296875,6180200000.0,INDEX
2022-02-25,14189.16015625,14193.0,13850.2900390625,13973.900390625,4628720000.0,INDEX
2022-02-28,14237.8095703125,14296.599609375,14009.3603515625,14058.6103515625,5928130000.0,INDEX
2022-03-01,14005.990234375,14271.580078125,13906.919921875,14197.66015625,6131350000.0,INDEX
2022-03-02,14243.6904296875,14292.7197265625,13962.6904296875,14075.1103515625,5246390000.0,INDEX
2022-03-03,14035.2099609375,14342.5595703125,13965.1103515625,14339.7001953125,5092580000.0,INDEX
2022-03-04,13837.830078125,13992.9697265625,13738.6103515625,13957.599609375,5343900000.0,INDEX
2022-03-07,13319.3798828125,13879.099609375,13314.4404296875,13853.5302734375,6195370000.0,INDEX
2022-03-08,13267.6103515625,13663.26953125,13129.400390625,13275.23046875,6683960000.0,INDEX
2022-03-09,13742.2001953125,13793.1103515625,13504.48046875,13610.48046875,5396550000.0,INDEX
2022-03-10,13591.0,13633.6904296875,13399.4599609375,13577.83984375,5071250000.0,INDEX
2022-03-11,13301.830078125,13714.4404296875,13285.1904296875,13701.7998046875,5288210000.0,INDEX
2022-03-14,13046.6396484375,13386.669921875,13020.400390625,13248.08984375,5876710000.0,INDEX
2022-03-15,13458.5595703125,13488.1796875,13092.4501953125,13174.9697265625,5440100000.0,INDEX
2022-03-16,13956.7900390625,13960.25,13475.08984375,13633.1201171875,6552210000.0,INDEX
2022-03-17,14118.599609375,14125.669921875,13827.33984375,13878.990234375,5612090000.0,INDEX
2022-03-18,14420.080078125,14427.4697265625,14014.4296875,14061.2900390625,8149290000.0,INDEX
2022-03-21,14376.08984375,14470.6796875,14190.5302734375,14377.150390625,5673940000.0,INDEX
2022-03-22,14654.330078125,14688.9697265625,14385.5498046875,14396.0302734375,5445100000.0,INDEX
2022-03-23,14447.5498046875,14681.330078125,14446.0400390625,14525.2197265625,5024230000.0,INDEX
2022-03-24,14765.6904296875,14767.73046875,14440.669921875,14529.7197265625,5149520000.0,INDEX
2022-03-25,14754.3095703125,14805.8798828125,14577.58984375,14766.900390625,5585100000.0,INDEX
2022-03-28,14987.400390625,14989.080078125,14705.919921875,14763.16015625,5129500000.0,INDEX
2022-03-29,15239.3203125,15265.419921875,15039.6103515625,15142.9296875,6060890000.0,INDEX
2022-03-30,15071.5498046875,15229.009765625,15010.33984375,15177.150390625,5479200000.0,INDEX
2022-03-31,14838.490234375,15088.3798828125,14835.16015625,15074.23046875,5453890000.0,INDEX
2022-04-01,14861.2099609375,14925.9296875,14723.830078125,14886.91015625,5002790000.0,INDEX
2022-04-04,15159.580078125,15161.8896484375,14884.5703125,14903.3798828125,4630100000.0,INDEX
2022-04-05,14820.6396484375,15120.669921875,14782.5703125,15109.26953125,4727710000.0,INDEX
2022-04-06,14498.8896484375,14639.349609375,14395.400390625,14600.2998046875,5360420000.0,INDEX
2022-04-07,14531.8095703125,14624.240234375,14315.6904296875,14469.5,4856090000.0,INDEX
2022-04-08,14327.259765625,14490.1904296875,14307.6796875,14450.5302734375,4574080000.0,INDEX
2022-04-11,13990.2099609375,14187.669921875,13979.1396484375,14149.599609375,4946680000.0,INDEX
2022-04-12,13940.240234375,14264.740234375,13882.75,14175.66015625,4991720000.0,INDEX
2022-04-13,14217.2900390625,14258.8095703125,13919.48046875,13939.6103515625,4909720000.0,INDEX
2022-04-14,13893.2099609375,14235.3896484375,13884.8203125,14225.4697265625,4642240000.0,INDEX
2022-04-18,13910.759765625,13997.9296875,13788.9599609375,13859.4697265625,4365230000.0,INDEX
2022-04-19,14210.259765625,14236.509765625,13844.740234375,13882.75,4562840000.0,INDEX
2022-04-20,13998.5302734375,14263.6103515625,13962.8603515625,14246.2001953125,4678930000.0,INDEX
2022-04-21,13720.4501953125,14277.2099609375,13682.6796875,14174.919921875,5233110000.0,INDEX
2022-04-22,13356.8701171875,13769.400390625,13342.7900390625,13714.6298828125,4475090000.0,INDEX
2022-04-25,13533.2197265625,13541.76953125,13239.73046875,13275.41015625,4845160000.0,INDEX
2022-04-26,13009.7099609375,13447.66015625,13009.650390625,13447.66015625,5168160000.0,INDEX
2022-04-27,13003.3603515625,13241.9404296875,12936.41015625,13009.400390625,4810720000.0,INDEX
2022-04-28,13456.0595703125,13542.5595703125,13038.169921875,13254.9599609375,5067150000.0,INDEX
2022-04-29,12854.7998046875,13428.5302734375,12835.48046875,13274.9404296875,4733070000.0,INDEX
2022-05-02,13075.849609375,13083.5703125,12716.6298828125,12864.830078125,4918240000.0,INDEX
2022-05-03,13089.900390625,13178.740234375,12982.7001953125,13045.349609375,4547280000.0,INDEX
2022-05-04,13535.7099609375,13556.669921875,12887.5302734375,13110.2998046875,5498050000.0,INDEX
2022-05-05,12850.5498046875,13344.7900390625,12710.58984375,13344.7900390625,5308920000.0,INDEX
2022-05-06,12693.5302734375,12926.580078125,12522.76953125,12776.8603515625,5324480000.0,INDEX
2022-05-09,12187.7197265625,12542.3203125,12136.1904296875,12465.91015625,5939140000.0,INDEX
2022-05-10,12345.8603515625,12537.8896484375,12173.4697265625,12496.83984375,6218260000.0,INDEX
2022-05-11,11967.5595703125,12470.8896484375,11939.08984375,12240.2099609375,6152370000.0,INDEX
2022-05-12,11945.5,12128.73046875,11692.1201171875,11790.1298828125,6679470000.0,INDEX
2022-05-13,12387.400390625,12429.2802734375,12069.1298828125,12125.9296875,5894020000.0,INDEX
2022-05-16,12243.580078125,12395.509765625,12196.2099609375,12297.0703125,4930250000.0,INDEX
2022-05-17,12564.099609375,12572.990234375,12333.990234375,12496.6298828125,5093960000.0,INDEX
2022-05-18,11928.3095703125,12389.9599609375,11887.0,12352.919921875,5064120000.0,INDEX
2022-05-19,11875.6298828125,12066.849609375,11795.7900390625,11872.5595703125,5154410000.0,INDEX
2022-05-20,11835.6201171875,12044.7001953125,11492.2900390625,12037.0302734375,5434370000.0,INDEX
2022-05-23,12034.2802734375,12047.8095703125,11785.759765625,11867.080078125,4552200000.0,INDEX
2022-05-24,11769.83984375,11842.8095703125,11576.1103515625,11807.7802734375,4724430000.0,INDEX
2022-05-25,11943.9296875,12028.8896484375,11714.26953125,11732.4501953125,4519690000.0,INDEX
2022-05-26,12276.7900390625,12337.73046875,11901.8701171875,11906.830078125,4672620000.0,INDEX
2022-05-27,12681.419921875,12682.580078125,12405.2900390625,12421.7998046875,4793900000.0,INDEX
2022-05-31,12642.099609375,12762.83984375,12482.3203125,12688.9501953125,6045500000.0,INDEX
2022-06-01,12548.3603515625,12820.4697265625,12457.91015625,12750.3095703125,4719900000.0,INDEX
2022-06-02,12892.8896484375,12897.6298828125,12447.76953125,12498.6298828125,4445840000.0,INDEX
2022-06-03,12548.0302734375,12724.8095703125,12505.759765625,12650.3798828125,4130040000.0,INDEX
2022-06-06,12599.6298828125,12804.4599609375,12534.580078125,12745.8896484375,4647010000.0,INDEX
2022-06-07,12711.6796875,12737.2998046875,12413.5595703125,12456.490234375,4411240000.0,INDEX
2022-06-08,12615.1298828125,12776.650390625,12578.5498046875,12682.8095703125,4708980000.0,INDEX
2022-06-09,12269.7802734375,12666.41015625,12265.8603515625,12543.3701171875,5408460000.0,INDEX
2022-06-10,11832.8203125,12082.6904296875,11825.349609375,12052.58984375,5152020000.0,INDEX
2022-06-13,11288.3203125,11568.650390625,11254.1904296875,11472.1904296875,5937320000.0,INDEX
2022-06-14,11311.6904296875,11418.2197265625,11205.919921875,11385.1796875,4819890000.0,INDEX
2022-06-15,11593.76953125,11751.2900390625,11346.5400390625,11468.1298828125,5368500000.0,INDEX
2022-06-16,11127.5703125,11311.0498046875,11037.2099609375,11286.8701171875,5696630000.0,INDEX
2022-06-17,11265.990234375,11357.9697265625,11089.9296875,11172.650390625,7452830000.0,INDEX
2022-06-21,11546.759765625,11638.4697265625,11446.98046875,11446.98046875,5226260000.0,INDEX
2022-06-22,11527.7099609375,11708.080078125,11423.2001953125,11427.740234375,5238180000.0,INDEX
2022-06-23,11697.6796875,11729.6201171875,11515.48046875,11622.08984375,5258200000.0,INDEX
2022-06-24,12105.849609375,12112.8203125,11812.1796875,11826.9501953125,9468130000.0,INDEX
2022-06-27,12008.240234375,12175.98046875,11965.669921875,12157.9296875,5047860000.0,INDEX
2022-06-28,11637.76953125,12133.8701171875,11633.1298828125,12021.33984375,5433220000.0,INDEX
2022-06-29,11658.259765625,11710.2099609375,11537.7197265625,11619.009765625,5650860000.0,INDEX
2022-06-30,11503.7197265625,11650.9599609375,11322.8603515625,11532.3203125,5654520000.0,INDEX
2022-07-01,11585.6796875,11592.849609375,11378.6298828125,11472.6298828125,4865730000.0,INDEX
2022-07-05,11779.900390625,11781.740234375,11366.0703125,11419.33984375,5053570000.0,INDEX
2022-07-06,11852.58984375,11941.3095703125,11727.3603515625,11807.080078125,4851170000.0,INDEX
2022-07-07,12109.0498046875,12137.7099609375,11897.509765625,11913.73046875,4685050000.0,INDEX
2022-07-08,12125.6904296875,12179.3203125,11956.0302734375,11977.9501953125,4526570000.0,INDEX
2022-07-11,11860.2802734375,12026.0595703125,11830.8896484375,12008.759765625,4362910000.0,INDEX
2022-07-12,11744.990234375,11990.4404296875,11684.01953125,11926.83984375,4317860000.0,INDEX
2022-07-13,11728.5302734375,11819.6904296875,11498.9599609375,11523.91015625,4433060000.0,INDEX
2022-07-14,11768.400390625,11801.1103515625,11488.26953125,11637.1796875,4481070000.0,INDEX
2022-07-15,11983.6201171875,11987.51953125,11828.1298828125,11896.150390625,4369060000.0,INDEX
2022-07-18,11877.5,12156.08984375,11836.51953125,12089.6796875,5057920000.0,INDEX
2022-07-19,12249.419921875,12258.3701171875,11967.919921875,12046.6904296875,5302740000.0,INDEX
2022-07-20,12439.6796875,12488.3896484375,12232.2001953125,12269.0703125,5467080000.0,INDEX
2022-07-21,12619.41015625,12620.5,12351.419921875,12466.1298828125,4680930000.0,INDEX
2022-07-22,12396.4697265625,12662.8603515625,12322.8203125,12575.759765625,4721880000.0,INDEX
2022-07-25,12328.41015625,12415.58984375,12244.400390625,12391.2099609375,4346520000.0,INDEX
2022-07-26,12086.900390625,12259.009765625,12051.2099609375,12248.2099609375,4349760000.0,INDEX
2022-07-27,12601.4697265625,12660.76953125,12256.9404296875,12299.33984375,4588480000.0,INDEX
2022-07-28,12717.8701171875,12741.830078125,12433.5498046875,12580.6103515625,4924950000.0,INDEX
2022-07-29,12947.9697265625,12986.6396484375,12726.25,12784.2001953125,4907410000.0,INDEX
2022-08-01,12940.7802734375,13084.6103515625,12833.16015625,12877.0400390625,4396390000.0,INDEX
2022-08-02,12901.599609375,13073.26953125,12809.009765625,12853.0400390625,4792140000.0,INDEX
2022-08-03,13253.259765625,13289.1904296875,12974.849609375,12983.580078125,5667990000.0,INDEX
2022-08-04,13311.0400390625,13326.7197265625,13170.4404296875,13253.76953125,5451470000.0,INDEX
2022-08-05,13207.6904296875,13286.01953125,13070.3603515625,13107.4501953125,4911300000.0,INDEX
2022-08-08,13159.16015625,13394.5400390625,13103.7998046875,13227.08984375,5238600000.0,INDEX
2022-08-09,13008.169921875,13095.7001953125,12945.599609375,13064.240234375,5307340000.0,INDEX
2022-08-10,13378.3203125,13386.849609375,13220.0498046875,13330.66015625,5196210000.0,INDEX
2022-08-11,13291.990234375,13555.3798828125,13271.349609375,13471.0302734375,5815960000.0,INDEX
2022-08-12,13565.8701171875,13565.8701171875,13341.650390625,13384.650390625,4782610000.0,INDEX
2022-08-15,13667.1796875,13685.650390625,13524.5302734375,13529.66015625,4476040000.0,INDEX
2022-08-16,13635.2099609375,13720.91015625,13508.4697265625,13617.66015625,5028410000.0,INDEX
2022-08-17,13470.8603515625,13591.580078125,13389.8203125,13499.240234375,5229520000.0,INDEX
2022-08-18,13505.990234375,13553.2802734375,13405.740234375,13474.240234375,4724350000.0,INDEX
2022-08-19,13242.900390625,13402.6103515625,13210.8203125,13370.25,4628170000.0,INDEX
2022-08-22,12890.5400390625,13073.0703125,12859.8203125,13056.3896484375,4270980000.0,INDEX
2022-08-23,12881.7900390625,13000.7099609375,12852.7001953125,12885.2802734375,3836180000.0,INDEX
2022-08-24,12917.8603515625,12995.1396484375,12843.580078125,12876.23046875,3917170000.0,INDEX
2022-08-25,13143.580078125,13146.83984375,12951.6103515625,12984.740234375,4323470000.0,INDEX
2022-08-26,12605.169921875,13175.25,12603.41015625,13129.91015625,4530000000.0,INDEX
2022-08-29,12484.3203125,12594.33984375,12440.400390625,12488.4599609375,4209850000.0,INDEX
2022-08-30,12342.7001953125,12572.8798828125,12240.8203125,12562.400390625,4681520000.0,INDEX
2022-08-31,12272.0302734375,12502.150390625,12268.080078125,12448.0703125,4952010000.0,INDEX
2022-09-01,12274.6201171875,12290.330078125,12012.98046875,12158.8798828125,4792890000.0,INDEX
2022-09-02,12098.4404296875,12451.2802734375,12035.5302734375,12392.4599609375,4257410000.0,INDEX
2022-09-06,12011.3095703125,12152.419921875,11928.8095703125,12106.5703125,4622940000.0,INDEX
2022-09-07,12259.3896484375,12298.1201171875,12026.98046875,12038.1796875,4445640000.0,INDEX
2022-09-08,12321.1904296875,12374.1298828125,12120.259765625,12139.5703125,4329910000.0,INDEX
2022-09-09,12588.2900390625,12610.4296875,12424.150390625,12424.150390625,4401590000.0,INDEX
2022-09-12,12739.7197265625,12752.830078125,12639.759765625,12649.23046875,4146680000.0,INDEX
2022-09-13,12033.6201171875,12420.009765625,12004.419921875,12364.830078125,5188380000.0,INDEX
2022-09-14,12134.400390625,12170.25,12016.4296875,12092.0302734375,4861530000.0,INDEX
2022-09-15,11927.490234375,12153.33984375,11867.8798828125,12034.4296875,4805910000.0,INDEX
2022-09-16,11861.3798828125,11875.08984375,11710.259765625,11775.9404296875,7451840000.0,INDEX
2022-09-19,11953.26953125,11956.7900390625,11752.4296875,11753.599609375,4168670000.0,INDEX
2022-09-20,11851.5400390625,11951.1298828125,11761.6904296875,11855.83984375,4028100000.0,INDEX
2022-09-21,11637.7900390625,12062.51953125,11636.25,11892.7197265625,4471000000.0,INDEX
2022-09-22,11501.650390625,11617.990234375,11448.8603515625,11574.3203125,4916470000.0,INDEX
2022-09-23,11311.240234375,11402.41015625,11169.66015625,11398.75,5134350000.0,INDEX
2022-09-26,11254.1103515625,11473.3603515625,11235.740234375,11283.1396484375,4697730000.0,INDEX
2022-09-27,11271.75,11502.3798828125,11175.2900390625,11411.33984375,4445050000.0,INDEX
2022-09-28,11493.830078125,11546.8701171875,11210.8095703125,11258.740234375,4556100000.0,INDEX
2022-09-29,11164.7802734375,11339.91015625,11038.9404296875,11334.5703125,4516630000.0,INDEX
2022-09-30,10971.2197265625,11296.16015625,10966.9501953125,11123.1103515625,4649710000.0,INDEX
2022-10-03,11229.73046875,11296.4296875,10985.009765625,11059.169921875,4415440000.0,INDEX
2022-10-04,11582.5400390625,11609.25,11462.3701171875,11477.849609375,5004780000.0,INDEX
2022-10-05,11573.1796875,11647.6201171875,11312.51953125,11429.4697265625,4091860000.0,INDEX
2022-10-06,11485.5,11660.5498046875,11472.830078125,11556.400390625,4423320000.0,INDEX
2022-10-07,11039.4697265625,11293.650390625,10991.66015625,11272.4599609375,4634190000.0,INDEX
2022-10-10,10926.9697265625,11063.2099609375,10824.25,11048.509765625,3989640000.0,INDEX
2022-10-11,10791.349609375,10981.91015625,10716.330078125,10865.3203125,4738840000.0,INDEX
2022-10-12,10785.6201171875,10886.490234375,10754.849609375,10810.2998046875,4091030000.0,INDEX
2022-10-13,11033.580078125,11087.66015625,10440.6396484375,10481.580078125,5300080000.0,INDEX
2022-10-14,10692.0595703125,11152.8896484375,10677.48046875,11130.080078125,4393000000.0,INDEX
2022-10-17,11062.5302734375,11090.8701171875,10959.740234375,10967.25,4439190000.0,INDEX
2022-10-18,11147.740234375,11374.3798828125,11035.7998046875,11368.759765625,5047360000.0,INDEX
2022-10-19,11103.3798828125,11231.4599609375,11008.1103515625,11081.8203125,4955090000.0,INDEX
2022-10-20,11046.7099609375,11279.8095703125,11001.2802734375,11081.2197265625,4628010000.0,INDEX
2022-10-21,11310.330078125,11327.76953125,10962.009765625,10998.169921875,4706440000.0,INDEX
2022-10-24,11430.259765625,11468.1796875,11166.490234375,11321.1103515625,4808710000.0,INDEX
2022-10-25,11669.990234375,11681.849609375,11480.41015625,11482.8701171875,5141760000.0,INDEX
2022-10-26,11405.900390625,11657.0595703125,11388.33984375,11409.7900390625,5224440000.0,INDEX
2022-10-27,11191.6298828125,11417.0400390625,11179.900390625,11387.7099609375,4773520000.0,INDEX
2022-10-28,11546.2099609375,11563.16015625,11176.990234375,11176.990234375,4731940000.0,INDEX
2022-10-31,11405.5703125,11482.990234375,11331.259765625,11465.2099609375,4753740000.0,INDEX
2022-11-01,11288.9501953125,11574.3896484375,11278.2802734375,11571.5302734375,4677520000.0,INDEX
2022-11-02,10906.33984375,11410.91015625,10903.48046875,11300.26953125,5436420000.0,INDEX
2022-11-03,10690.599609375,10852.1796875,10680.830078125,10769.4296875,5102190000.0,INDEX
2022-11-04,10857.0302734375,10934.6201171875,10632.3896484375,10911.98046875,5453750000.0,INDEX
2022-11-07,10977.0,11001.16015625,10817.58984375,10900.830078125,4456690000.0,INDEX
2022-11-08,11059.5,11191.900390625,10897.5302734375,11039.580078125,5134500000.0,INDEX
2022-11-09,10797.5498046875,11012.66015625,10790.349609375,10971.4296875,4977460000.0,INDEX
2022-11-10,11605.9599609375,11612.2001953125,11235.740234375,11350.419921875,6433000000.0,INDEX
2022-11-11,11817.009765625,11840.0703125,11535.5595703125,11604.3603515625,5867750000.0,INDEX
2022-11-14,11700.9404296875,11863.8203125,11669.099609375,11728.1103515625,5004060000.0,INDEX
2022-11-15,11871.150390625,12024.9501953125,11735.400390625,12006.4501953125,5617310000.0,INDEX
2022-11-16,11699.08984375,11796.990234375,11673.1396484375,11767.419921875,4585190000.0,INDEX
2022-11-17,11676.8603515625,11737.6103515625,11519.3798828125,11521.6396484375,4354360000.0,INDEX
2022-11-18,11677.01953125,11794.6796875,11579.6396484375,11791.849609375,4175420000.0,INDEX
2022-11-21,11553.4501953125,11664.9404296875,11524.4404296875,11623.349609375,3977130000.0,INDEX
2022-11-22,11724.83984375,11731.759765625,11503.33984375,11590.830078125,4186360000.0,INDEX
2022-11-23,11838.7197265625,11866.419921875,11722.009765625,11725.080078125,4431530000.0,INDEX
2022-11-25,11756.0302734375,11803.91015625,11748.7900390625,11777.330078125,2184080000.0,INDEX
2022-11-28,11587.75,11764.830078125,11555.259765625,11684.0703125,4271360000.0,INDEX
2022-11-29,11503.4501953125,11613.330078125,11450.33984375,11590.2998046875,4592830000.0,INDEX
2022-11-30,12030.0595703125,12031.33984375,11481.8896484375,11505.740234375,6653460000.0,INDEX
2022-12-01,12041.8896484375,12115.33984375,11928.66015625,12030.240234375,5158120000.0,INDEX
2022-12-02,11994.259765625,12027.6201171875,11825.5302734375,11845.5302734375,4523010000.0,INDEX
2022-12-05,11786.7998046875,11957.3603515625,11732.150390625,11899.5400390625,4510030000.0,INDEX
2022-12-06,11549.6904296875,11790.9296875,11488.599609375,11775.2001953125,4713330000.0,INDEX
2022-12-07,11497.3896484375,11577.6904296875,11431.9599609375,11490.990234375,4343860000.0,INDEX
2022-12-08,11637.5,11672.1396484375,11470.6796875,11543.6796875,4281800000.0,INDEX
2022-12-09,11563.330078125,11707.08984375,11550.3095703125,11594.3798828125,4337440000.0,INDEX
2022-12-12,11706.4404296875,11707.7099609375,11529.41015625,11572.259765625,4829990000.0,INDEX
2022-12-13,11834.2099609375,12166.41015625,11724.900390625,12141.240234375,6126890000.0,INDEX
2022-12-14,11740.919921875,11941.2802734375,11617.41015625,11824.5400390625,5485150000.0,INDEX
2022-12-15,11345.2197265625,11591.330078125,11300.349609375,11573.3798828125,5536070000.0,INDEX
2022-12-16,11243.7197265625,11383.3896484375,11175.5400390625,11313.6396484375,7968170000.0,INDEX
2022-12-19,11084.58984375,11251.5703125,11029.76953125,11243.0,4631820000.0,INDEX
2022-12-20,11072.419921875,11143.6201171875,10967.0703125,11023.4697265625,4707190000.0,INDEX
2022-12-21,11235.8798828125,11285.7802734375,11083.3603515625,11110.650390625,4401420000.0,INDEX
2022-12-22,10956.1396484375,11114.23046875,10784.01953125,11099.3603515625,5125070000.0,INDEX
2022-12-23,10985.4501953125,11007.08984375,10830.900390625,10911.0400390625,3544680000.0,INDEX
2022-12-27,10822.509765625,10957.4404296875,10807.6103515625,10944.2998046875,3827290000.0,INDEX
2022-12-28,10679.33984375,10898.6396484375,10671.1904296875,10807.1201171875,3842970000.0,INDEX
2022-12-29,10951.0498046875,10981.0595703125,10776.6201171875,10800.7998046875,4154100000.0,INDEX
2022-12-30,10939.759765625,10942.900390625,10778.6396484375,10835.58984375,3959030000.0,INDEX
2023-01-03,10862.6396484375,11093.099609375,10770.9296875,11038.419921875,4780650000.0,INDEX
2023-01-04,10914.7998046875,10981.4599609375,10785.5302734375,10949.33984375,5085380000.0,INDEX
2023-01-05,10741.2197265625,10842.330078125,10728.259765625,10837.25,4764270000.0,INDEX
2023-01-06,11040.349609375,11082.58984375,10696.419921875,10807.4599609375,5199780000.0,INDEX
2023-01-09,11108.4501953125,11304.83984375,11085.3203125,11133.0703125,5132190000.0,INDEX
2023-01-10,11205.7802734375,11207.5595703125,11050.6796875,11069.0498046875,4710680000.0,INDEX
2023-01-11,11402.51953125,11403.8896484375,11220.75,11259.16015625,5284390000.0,INDEX
2023-01-12,11459.6103515625,11500.8603515625,11246.01953125,11441.4501953125,5681240000.0,INDEX
2023-01-13,11541.48046875,11547.9599609375,11347.599609375,11362.1298828125,5077990000.0,INDEX
2023-01-17,11557.1904296875,11615.9501953125,11484.01953125,11531.5400390625,5138410000.0,INDEX
2023-01-18,11410.2900390625,11690.26953125,11403.3095703125,11636.6103515625,5288630000.0,INDEX
2023-01-19,11295.669921875,11388.4599609375,11251.9404296875,11345.1904296875,4660800000.0,INDEX
2023-01-20,11619.0302734375,11623.2001953125,11329.5400390625,11363.849609375,5980110000.0,INDEX
2023-01-23,11872.5400390625,11918.8603515625,11617.830078125,11652.0,5997810000.0,INDEX
2023-01-24,11846.6396484375,11889.3701171875,11780.0703125,11802.9501953125,5670860000.0,INDEX
2023-01-25,11814.6904296875,11841.8095703125,11550.0703125,11636.009765625,5485570000.0,INDEX
2023-01-26,12051.48046875,12055.8095703125,11853.3701171875,11972.5703125,5732890000.0,INDEX
2023-01-27,12166.599609375,12248.150390625,11999.8701171875,12000.2099609375,6243800000.0,INDEX
2023-01-30,11912.3896484375,12087.6796875,11906.1103515625,12047.16015625,5122320000.0,INDEX
2023-01-31,12101.9296875,12104.1298828125,11915.9404296875,11915.9404296875,5695150000.0,INDEX
2023-02-01,12363.099609375,12458.8701171875,12010.73046875,12087.919921875,6336040000.0,INDEX
2023-02-02,12803.1396484375,12880.98046875,12600.759765625,12655.1796875,7038210000.0,INDEX
2023-02-03,12573.3603515625,12828.7099609375,12520.9501953125,12520.9501953125,5954490000.0,INDEX
2023-02-06,12464.509765625,12558.8701171875,12411.8798828125,12468.7998046875,5538350000.0,INDEX
2023-02-07,12728.26953125,12771.58984375,12419.7099609375,12474.9501953125,5720240000.0,INDEX
2023-02-08,12495.3798828125,12709.4501953125,12471.1201171875,12680.0302734375,5052870000.0,INDEX
2023-02-09,12381.169921875,12679.5400390625,12327.4404296875,12677.5400390625,5536290000.0,INDEX
2023-02-10,12304.919921875,12375.7197265625,12204.2099609375,12306.58984375,4885030000.0,INDEX
2023-02-13,12502.3095703125,12522.7802734375,12313.4501953125,12356.5,4752880000.0,INDEX
2023-02-14,12590.8896484375,12627.400390625,12356.3203125,12413.099609375,5032430000.0,INDEX
2023-02-15,12687.8896484375,12689.33984375,12486.419921875,12531.599609375,5056640000.0,INDEX
2023-02-16,12442.48046875,12653.400390625,12440.0,12495.0703125,5159410000.0,INDEX
2023-02-17,12358.1796875,12385.51953125,12233.7900390625,12352.2998046875,4925230000.0,INDEX
2023-02-21,12060.2998046875,12257.0595703125,12058.23046875,12205.2099609375,5002540000.0,INDEX
2023-02-22,12066.26953125,12156.2099609375,12006.0400390625,12085.669921875,4671270000.0,INDEX
2023-02-23,12180.1396484375,12227.400390625,12003.3095703125,12224.4404296875,4714580000.0,INDEX
2023-02-24,11969.650390625,12018.3203125,11900.83984375,11979.7998046875,4432650000.0,INDEX
2023-02-27,12057.7900390625,12159.6396484375,12034.6103515625,12106.7900390625,4494000000.0,INDEX
2023-02-28,12042.1201171875,12146.51953125,12021.3203125,12041.75,5340950000.0,INDEX
2023-03-01,11938.5703125,12054.48046875,11906.580078125,12026.7197265625,4927530000.0,INDEX
2023-03-02,12044.8701171875,12074.58984375,11830.08984375,11830.08984375,5313760000.0,INDEX
2023-03-03,12290.8095703125,12300.4599609375,12095.240234375,12110.7099609375,5102210000.0,INDEX
2023-03-06,12302.48046875,12466.8798828125,12297.5703125,12344.650390625,4982880000.0,INDEX
2023-03-07,12152.169921875,12344.0400390625,12130.009765625,12303.1904296875,5422820000.0,INDEX
2023-03-08,12215.330078125,12237.7197265625,12102.2802734375,12181.0595703125,5085970000.0,INDEX
2023-03-09,11995.8798828125,12340.4501953125,11970.33984375,12230.83984375,5061790000.0,INDEX
2023-03-10,11830.2802734375,12069.6201171875,11789.8603515625,12001.7001953125,6193500000.0,INDEX
2023-03-13,11923.169921875,12073.9599609375,11695.41015625,11752.099609375,6201490000.0,INDEX
2023-03-14,12199.7900390625,12217.8701171875,12035.2197265625,12078.4599609375,5533120000.0,INDEX
2023-03-15,12251.3203125,12269.4501953125,12026.1796875,12083.240234375,5912430000.0,INDEX
2023-03-16,12581.3896484375,12595.6904296875,12190.650390625,12211.8701171875,5498920000.0,INDEX
2023-03-17,12519.8798828125,12674.33984375,12444.080078125,12570.16015625,7903090000.0,INDEX
2023-03-20,12562.6103515625,12578.349609375,12407.8203125,12487.7900390625,4970630000.0,INDEX
2023-03-21,12741.4404296875,12762.4501953125,12582.759765625,12643.349609375,4829870000.0,INDEX
2023-03-22,12567.150390625,12943.6201171875,12563.7802734375,12742.41015625,4981590000.0,INDEX
